onset	duration	sample	value
0.99609375	0.00390625	255	condition 1
137.6914062	0.00390625	35249	condition 1
