onset	duration	sample	value
0.99609375	0.00390625	255	condition 3
124.4179688	0.00390625	31851	condition 3
142.03125	0.00390625	36360	33027
158.5078125	0.00390625	40578	33026
195.7539062	0.00390625	50113	33027
