onset	duration	sample	value
0.99609375	n/a	255	condition 1
98.99609375	n/a	25343	condition 1
99.11328125	n/a	25373	33059
125.8710938	n/a	32223	33027
125.8945312	n/a	32229	33057
148.8398438	n/a	38103	33028
148.8632812	n/a	38109	33058
179.8710938	n/a	46047	33026
