onset	duration	sample	value
0.99609375	n/a	255	condition 1
161.6523438	n/a	41383	condition 1
161.8007812	n/a	41421	33057
186.0273438	n/a	47623	33026
186.0507812	n/a	47629	33058
229.5273438	n/a	58759	33028
229.5507812	n/a	58765	33059
269.4960938	n/a	68991	33027
