onset	duration	sample	value
0.99609375	0.00390625	255	condition 3
87.69921875	0.00390625	22451	condition 3
106.0820312	0.00390625	27157	33026
129.6367188	0.00390625	33187	33028
156.0664062	0.00390625	39953	33028
