onset	duration	sample	value
0.99609375	0.00390625	255	condition 4
266.7929688	0.00390625	68299	condition 4
309.796875	0.00390625	79308	33026
346.2304688	0.00390625	88635	33027
401.9921875	0.00390625	102910	33028
