onset	duration	sample	value
0.99609375	n/a	255	condition 1
142.1210938	n/a	36383	condition 1
142.2382812	n/a	36413	33058
205.7773438	n/a	52679	33026
205.8007812	n/a	52685	33057
234.0585938	n/a	59919	33026
234.0820312	n/a	59925	33059
284.7773438	n/a	72903	33028
