onset	duration	sample	value
0.99609375	n/a	255	condition 1
145.4960938	n/a	37247	condition 1
145.6132812	n/a	37277	33059
172.9648438	n/a	44279	33026
172.9882812	n/a	44285	33057
186.0898438	n/a	47639	33026
186.1132812	n/a	47645	33058
211.9335938	n/a	54255	33028
