onset	duration	sample	value
0.99609375	n/a	255	condition 1
181.4960938	n/a	46463	condition 1
181.6757812	n/a	46509	33059
235.7773438	n/a	60359	33027
235.8007812	n/a	60365	33058
285.1210938	n/a	72991	33026
285.1445312	n/a	72997	33057
323.9960938	n/a	82943	33027
