onset	duration	sample	value
0.99609375	n/a	255	condition 1
251.1210938	n/a	64287	condition 1
251.2382812	n/a	64317	33058
310.2773438	n/a	79431	33026
310.3007812	n/a	79437	33057
351.1210938	n/a	89887	33026
351.1445312	n/a	89893	33059
415.4023438	n/a	106343	33028
