onset	duration	sample	value
0.99609375	0.00390625	255	condition 4
131.2617188	0.00390625	33603	condition 4
165.1484375	0.00390625	42278	33028
205.3867188	0.00390625	52579	33027
220.3320312	0.00390625	56405	33026
223.3632812	0.00390625	57181	condition 4
