onset	duration	sample	value
0.99609375	0.00390625	255	condition 4
117.0742188	0.00390625	29971	condition 4
138.9453125	0.00390625	35570	33026
147.53125	0.00390625	37768	33028
154.3476562	0.00390625	39513	33027
