onset	duration	sample	value
0.99609375	n/a	255	condition 1
103.8085938	n/a	26575	condition 1
103.9257812	n/a	26605	33057
127.2148438	n/a	32567	33027
127.2382812	n/a	32573	33059
162.9960938	n/a	41727	33028
163.0195312	n/a	41733	33058
198.0273438	n/a	50695	33026
