onset	duration	sample	value
0.99609375	0.00390625	255	condition 3
136.6875	0.00390625	34992	condition 3
163.9140625	0.00390625	41962	33028
188.1992188	0.00390625	48179	33026
222.8125	0.00390625	57040	33028
