onset	duration	sample	value
18.71875	0.00390625	4792	33025
18.76953125	0.00390625	4805	33041
