onset	duration	sample	value
0.99609375	0.00390625	255	condition 4
173.2265625	0.00390625	44346	condition 4
188.6328125	0.00390625	48290	33027
203.0195312	0.00390625	51973	33028
225.0976562	0.00390625	57625	33026
