onset	duration	sample	value
0.99609375	n/a	255	condition 1
438.7148438	n/a	112311	condition 1
438.8632812	n/a	112349	33058
529.4335938	n/a	135535	33027
529.4570312	n/a	135541	33057
587.3085938	n/a	150351	33027
587.3320312	n/a	150357	33059
669.0898438	n/a	171287	33028
