onset	duration	sample	value
0.99609375	0.00390625	255	condition 4
147.8945312	0.00390625	37861	condition 4
156.1757812	0.00390625	39981	33028
168.5351562	0.00390625	43145	33026
176.6484375	0.00390625	45222	33027
