onset	duration	sample	value
0.99609375	n/a	255	condition 1
89.58984375	n/a	22935	condition 1
89.70703125	n/a	22965	33058
113.6835938	n/a	29103	33026
113.7070312	n/a	29109	33059
152.5273438	n/a	39047	33027
152.5507812	n/a	39053	33057
172.9023438	n/a	44263	33026
