onset	duration	sample	value
0.99609375	0.00390625	255	condition 3
114.2929688	0.00390625	29259	condition 3
131.3242188	0.00390625	33619	33026
146.1054688	0.00390625	37403	33026
171.1523438	0.00390625	43815	33028
