onset	duration	sample	value
0.99609375	n/a	255	condition 1
176.3085938	n/a	45135	condition 1
176.5195312	n/a	45189	33057
200.3710938	n/a	51295	33026
200.3945312	n/a	51301	33059
258.9960938	n/a	66303	33028
259.0195312	n/a	66309	33058
289.5273438	n/a	74119	33028
