onset	duration	sample	value
0.99609375	n/a	255	condition 1
117.2460938	n/a	30015	condition 1
117.3945312	n/a	30053	33059
136.0273438	n/a	34823	33028
136.0507812	n/a	34829	33057
153.0585938	n/a	39183	33026
153.0820312	n/a	39189	33058
171.0585938	n/a	43791	33028
