onset	duration	sample	value
0.99609375	0.00390625	255	condition 3
248.5585938	0.00390625	63631	condition 3
321.4257812	0.00390625	82285	33026
350.4804688	0.00390625	89723	33026
379.796875	0.00390625	97228	33027
