onset	duration	sample	value
0.99609375	n/a	255	condition 1
114.9960938	n/a	29439	condition 1
115.0507812	n/a	29453	33058
145.9335938	n/a	37359	33028
145.9570312	n/a	37365	33059
178.8710938	n/a	45791	33027
178.8945312	n/a	45797	33057
196.6835938	n/a	50351	33026
