onset	duration	sample	value
0.99609375	n/a	255	condition 1
153.4023438	n/a	39271	condition 1
153.5507812	n/a	39309	33057
194.2460938	n/a	49727	33027
194.2695312	n/a	49733	33058
220.4023438	n/a	56423	33028
220.4257812	n/a	56429	33059
235.6523438	n/a	60327	33026
