onset	duration	sample	value
0.99609375	0.00390625	255	condition 2
1.03125	0.00390625	264	condition 3
163.9023438	0.00390625	41959	condition 2
186.5429688	0.00390625	47755	33027
215.1015625	0.00390625	55066	33027
261.1171875	0.00390625	66846	33027
