onset	duration	sample	value
0.99609375	0.00390625	255	condition 4
251.0820312	0.00390625	64277	condition 4
299.3671875	0.00390625	76638	33027
324.4296875	0.00390625	83054	33028
353.2773438	0.00390625	90439	33026
