onset	duration	sample	value
0.99609375	n/a	255	condition 1
117.5585938	n/a	30095	condition 1
117.6757812	n/a	30125	33059
135.7773438	n/a	34759	33028
135.8007812	n/a	34765	33057
151.9648438	n/a	38903	33027
151.9882812	n/a	38909	33058
174.6835938	n/a	44719	33026
