onset	duration	sample	value
0.99609375	n/a	255	condition 1
128.2773438	n/a	32839	condition 1
128.3632812	n/a	32861	33057
160.7773438	n/a	41159	33027
160.8007812	n/a	41165	33059
202.1210938	n/a	51743	33027
202.1445312	n/a	51749	33058
249.1210938	n/a	63775	33026
