onset	duration	sample	value
0.99609375	0.00390625	255	condition 4
223.625	0.00390625	57248	condition 4
245.8203125	0.00390625	62930	33026
282.6601562	0.00390625	72361	33027
322.2773438	0.00390625	82503	33028
