onset	duration	sample	value
0.99609375	n/a	255	condition 1
150.5273438	n/a	38535	condition 1
150.7070312	n/a	38581	33057
177.4960938	n/a	45439	33026
177.5195312	n/a	45445	33058
227.9960938	n/a	58367	33026
228.0195312	n/a	58373	33059
273.8085938	n/a	70095	33026
