onset	duration	sample	value
0.99609375	0.00390625	255	condition 3
115.1757812	0.00390625	29485	condition 3
142.0273438	0.00390625	36359	33028
168.421875	0.00390625	43116	33026
203.8125	0.00390625	52176	33028
