onset	duration	sample	value
0.99609375	n/a	255	condition 1
88.71484375	n/a	22711	condition 1
88.83203125	n/a	22741	33059
110.7148438	n/a	28343	33027
110.7382812	n/a	28349	33057
121.9023438	n/a	31207	33027
121.9257812	n/a	31213	33058
132.4335938	n/a	33903	33026
