onset	duration	sample	value
0.99609375	0.00390625	255	condition 4
506.6484375	0.00390625	129702	condition 4
544.6132812	0.00390625	139421	33028
618.609375	0.00390625	158364	33026
738.2382812	0.00390625	188989	33027
742.0976562	0.00390625	189977	condition 4
