onset	duration	sample	value
0.99609375	0.00390625	255	condition 3
111.1171875	0.00390625	28446	condition 3
136.9140625	0.00390625	35050	33027
154.2539062	0.00390625	39489	33027
171.8554688	0.00390625	43995	33026
