onset	duration	sample	value
0.99609375	n/a	255	condition 1
89.27734375	n/a	22855	condition 1
89.39453125	n/a	22885	33057
118.0273438	n/a	30215	33027
118.0507812	n/a	30221	33059
137.4335938	n/a	35183	33027
137.4570312	n/a	35189	33058
161.0898438	n/a	41239	33026
