onset	duration	sample	value
0.99609375	n/a	255	condition 1
121.2773438	n/a	31047	condition 1
121.3945312	n/a	31077	33058
158.8085938	n/a	40655	33026
158.8320312	n/a	40661	33059
196.2460938	n/a	50239	33028
196.2695312	n/a	50245	33057
221.6835938	n/a	56751	33027
