onset	duration	sample	value
0.99609375	n/a	255	condition 1
124.8398438	n/a	31959	condition 1
124.9257812	n/a	31981	33057
145.4023438	n/a	37223	33026
145.4257812	n/a	37229	33058
160.9335938	n/a	41199	33026
160.9570312	n/a	41205	33059
189.4960938	n/a	48511	33028
