onset	duration	sample	value
0.99609375	n/a	255	condition 1
189.7773438	n/a	48583	condition 1
189.8945312	n/a	48613	33059
246.2460938	n/a	63039	33027
246.2695312	n/a	63045	33058
297.9335938	n/a	76271	33026
297.9570312	n/a	76277	33057
354.4648438	n/a	90743	33027
