onset	duration	sample	value
0.99609375	0.00390625	255	condition 4
227.7226562	0.00390625	58297	condition 4
249.5	0.00390625	63872	33028
290.828125	0.00390625	74452	33027
319.3867188	0.00390625	81763	33026
