onset	duration	sample	value
0.99609375	0.00390625	255	condition 4
147.9804688	0.00390625	37883	condition 4
203.1835938	0.00390625	52015	33028
227.9804688	0.00390625	58363	33027
251.6054688	0.00390625	64411	33026
