onset	duration	sample	value
0.99609375	0.00390625	255	condition 3
96.56640625	0.00390625	24721	condition 3
127.6914062	0.00390625	32689	33028
176.2773438	0.00390625	45127	33028
190.4492188	0.00390625	48755	33026
