onset	duration	sample	value
0.99609375	n/a	255	condition 1
99.08984375	n/a	25367	condition 1
99.20703125	n/a	25397	33057
119.1835938	n/a	30511	33026
119.2070312	n/a	30517	33058
147.9648438	n/a	37879	33028
147.9882812	n/a	37885	33059
183.2773438	n/a	46919	33027
