onset	duration	sample	value
0.99609375	0.00390625	255	condition 3
231.1132812	0.00390625	59165	condition 3
259.0351562	0.00390625	66313	33027
283.6757812	0.00390625	72621	33026
358.0507812	0.00390625	91661	33027
