onset	duration	sample	value
0.99609375	0.00390625	255	condition 3
154.1914062	0.00390625	39473	condition 3
177.5117188	0.00390625	45443	33027
210.8359375	0.00390625	53974	33027
227.9375	0.00390625	58352	33026
