onset	duration	sample	value
0.99609375	0.00390625	255	condition 3
95.8515625	0.00390625	24538	condition 3
114.25	0.00390625	29248	33026
132.0429688	0.00390625	33803	33027
161.7578125	0.00390625	41410	33027
