onset	duration	sample	value
0.99609375	n/a	255	condition 1
70.96484375	n/a	18167	condition 1
71.11328125	n/a	18205	33059
98.24609375	n/a	25151	33028
98.26953125	n/a	25157	33057
107.8085938	n/a	27599	33026
107.8320312	n/a	27605	33058
122.5273438	n/a	31367	33028
