onset	duration	sample	value
0.99609375	0.00390625	255	condition 4
127.421875	0.00390625	32620	condition 4
149.21875	0.00390625	38200	33026
178.3984375	0.00390625	45670	33027
217.890625	0.00390625	55780	33028
